speaker_id	dialect	gender	source
id00000	northern	female	youtube
id00001	northern	female	youtube
id00002	northern	female	youtube
id00003	northern	male	youtube
id00004	northern	female	youtube
id00005	southern	male	tiktok
id00006	northern	male	youtube
id00007	southern	male	youtube
id00008	northern	female	youtube
id00009	northern	female	youtube
id00010	northern	male	youtube
id00011	southern	female	youtube
id00012	northern	female	tiktok
id00013	northern	male	youtube
id00014	northern	male	tiktok
id00015	northern	male	youtube
id00016	northern	male	youtube
id00017	northern	male	youtube
id00018	southern	female	youtube
id00019	northern	female	youtube
id00020	northern	female	youtube
id00021	northern	male	youtube
id00022	southern	male	youtube
id00023	northern	female	youtube
id00024	southern	female	youtube
id00025	northern	male	tiktok
id00026	southern	female	tiktok
id00027	northern	male	tiktok
id00028	northern	female	youtube
id00029	northern	female	youtube
id00030	northern	male	youtube
id00031	southern	male	youtube
id00032	southern	male	tiktok
id00033	northern	male	youtube
id00034	southern	male	youtube
id00035	southern	female	youtube
id00036	southern	female	youtube
id00037	northern	male	tiktok
id00038	northern	male	youtube
id00039	northern	female	youtube
id00040	northern	male	youtube
id00041	northern	female	youtube
id00042	northern	female	youtube
id00043	northern	male	youtube
id00044	northern	female	youtube
id00045	northern	female	youtube
id00046	northern	female	youtube
id00047	northern	female	youtube
id00048	southern	female	youtube
id00049	southern	male	tiktok
id00050	northern	male	tiktok
id00051	northern	male	youtube
id00052	southern	male	youtube
id00053	northern	male	youtube
id00054	northern	female	youtube
id00055	northern	female	youtube
id00056	southern	female	youtube
id00057	southern	female	youtube
id00058	northern	male	youtube
id00059	northern	male	youtube
id00060	northern	female	youtube
id00061	northern	female	youtube
id00062	northern	female	youtube
id00063	northern	male	youtube
id00064	northern	female	youtube
id00065	northern	female	youtube
id00066	northern	female	youtube
id00067	northern	female	youtube
id00068	northern	male	youtube
id00069	northern	female	youtube
id00070	northern	male	youtube
id00071	northern	female	youtube
id00072	northern	male	youtube
id00073	southern	male	youtube
id00074	northern	female	youtube
id00075	northern	male	youtube
id00076	northern	female	youtube
id00077	northern	female	youtube
id00078	northern	male	tiktok
id00079	northern	female	youtube
id00080	southern	male	youtube
id00081	southern	male	youtube
id00082	northern	female	youtube
id00083	northern	male	tiktok
id00084	northern	female	youtube
id00085	southern	male	youtube
id00086	northern	male	youtube
id00087	southern	male	youtube
id00088	northern	female	tiktok
id00089	northern	male	youtube
id00090	northern	male	youtube
id00091	northern	male	tiktok
id00092	southern	female	youtube
id00093	northern	female	tiktok
id00094	southern	male	youtube
id00095	northern	female	youtube
id00096	southern	male	youtube
id00097	northern	male	youtube
id00098	northern	male	youtube
id00099	southern	female	youtube
id00100	southern	male	youtube
id00101	northern	male	tiktok
id00102	northern	female	youtube
id00103	northern	male	youtube
id00104	southern	female	youtube
id00105	southern	female	youtube
id00106	southern	male	youtube
id00107	northern	male	youtube
id00108	northern	female	youtube
id00109	southern	female	youtube
id00110	northern	female	youtube
id00111	southern	male	youtube
id00112	southern	female	youtube
id00113	northern	male	youtube
id00114	northern	female	tiktok
id00115	northern	male	youtube
id00116	southern	female	youtube
id00117	northern	male	youtube
id00118	southern	female	tiktok
id00119	northern	female	youtube
id00120	northern	male	youtube
id00121	northern	male	youtube
id00122	northern	male	tiktok
id00123	southern	female	youtube
id00124	northern	female	youtube
id00125	northern	male	youtube
id00126	northern	male	youtube
id00127	northern	female	youtube
id00128	southern	female	youtube
id00129	northern	male	youtube
id00130	northern	male	youtube
id00131	southern	male	tiktok
id00132	southern	female	youtube
id00133	southern	female	youtube
id00134	southern	male	youtube
id00135	southern	male	tiktok
id00136	northern	male	youtube
id00137	northern	female	youtube
id00138	northern	male	tiktok
id00139	southern	female	tiktok
id00140	northern	male	youtube
id00141	northern	female	tiktok
id00142	northern	female	youtube
id00143	northern	male	youtube
id00144	southern	male	youtube
id00145	northern	female	youtube
id00146	northern	female	tiktok
id00147	northern	male	tiktok
id00148	northern	male	youtube
id00149	southern	female	tiktok
id00150	southern	male	tiktok
id00151	southern	female	youtube
id00152	northern	female	youtube
id00153	southern	female	youtube
id00154	northern	female	youtube
id00155	northern	male	tiktok
id00156	northern	female	youtube
id00157	southern	female	youtube
id00158	northern	male	tiktok
id00159	northern	female	youtube
id00160	northern	female	youtube
id00161	northern	female	tiktok
id00162	southern	male	youtube
id00163	northern	female	youtube
id00164	northern	male	youtube
id00165	southern	male	youtube
id00166	northern	female	youtube
id00167	northern	female	youtube
id00168	northern	female	tiktok
id00169	northern	male	youtube
id00170	southern	female	youtube
id00171	southern	male	youtube
id00172	southern	male	youtube
id00173	northern	male	youtube
id00174	southern	female	youtube
id00175	southern	female	youtube
id00176	southern	male	youtube
id00177	northern	male	youtube
id00178	southern	female	youtube
id00179	northern	male	youtube
id00180	northern	male	youtube
id00181	northern	male	youtube
id00182	northern	male	youtube
id00183	southern	male	youtube
id00184	northern	female	tiktok
id00185	southern	female	youtube
id00186	northern	male	youtube
id00187	northern	female	youtube
id00188	southern	male	tiktok
id00189	northern	male	tiktok
id00190	southern	female	youtube
id00191	northern	male	youtube
id00192	southern	female	youtube
id00193	southern	female	youtube
id00194	southern	female	youtube
id00195	northern	male	youtube
id00196	southern	male	youtube
id00197	northern	female	youtube
id00198	northern	male	youtube
id00199	northern	female	youtube
id00200	northern	female	youtube
id00201	southern	male	youtube
id00202	southern	male	youtube
id00203	southern	female	youtube
id00204	southern	female	youtube
id00205	southern	female	youtube
id00206	northern	male	youtube
id00207	northern	male	youtube
id00208	northern	male	youtube
id00209	southern	male	youtube
id00210	northern	male	youtube
id00211	northern	male	youtube
id00212	northern	female	youtube
id00213	southern	male	youtube
id00214	southern	female	youtube
id00215	southern	female	youtube
id00216	northern	male	youtube
id00217	southern	female	youtube
id00218	northern	female	youtube
id00219	northern	female	youtube
id00220	northern	female	youtube
id00221	northern	female	youtube
id00222	southern	female	youtube
id00223	northern	male	youtube
id00224	southern	male	youtube
id00225	southern	female	youtube
id00226	southern	male	tiktok
id00227	northern	female	youtube
id00228	northern	female	youtube
id00229	southern	male	youtube
id00230	southern	male	youtube
id00231	southern	female	youtube
id00232	southern	male	youtube
id00233	southern	female	youtube
id00234	northern	female	youtube
id00235	northern	female	youtube
id00236	northern	male	youtube
id00237	northern	male	youtube
id00238	northern	female	youtube
id00239	southern	male	youtube
id00240	northern	male	youtube
id00241	southern	male	youtube
id00242	southern	male	tiktok
id00243	southern	male	tiktok
id00244	southern	female	youtube
id00245	southern	female	youtube
id00246	southern	female	youtube
id00247	southern	female	tiktok
id00248	southern	male	tiktok
id00249	northern	male	youtube
id00250	northern	male	youtube
id00251	northern	female	youtube
id00252	northern	male	tiktok
id00253	northern	male	youtube
id00254	southern	female	tiktok
id00255	northern	female	tiktok
id00256	northern	male	youtube
id00257	northern	male	youtube
id00258	northern	female	youtube
id00259	southern	male	tiktok
id00260	southern	male	youtube
id00261	northern	female	youtube
id00262	northern	female	youtube
id00263	southern	female	youtube
id00264	northern	female	youtube
id00265	southern	female	youtube
id00266	southern	male	tiktok
id00267	northern	male	youtube
id00268	northern	female	youtube
id00269	northern	male	youtube
id00270	southern	male	youtube
id00271	southern	female	youtube
id00272	southern	female	youtube
id00273	northern	female	youtube
id00274	southern	male	youtube
id00275	northern	male	youtube
id00276	northern	female	youtube
id00277	northern	male	youtube
id00278	southern	male	youtube
id00279	northern	male	youtube
id00280	northern	male	youtube
id00281	southern	female	tiktok
id00282	southern	male	tiktok
id00283	northern	female	youtube
id00284	southern	male	youtube
id00285	northern	female	youtube
id00286	southern	male	youtube
id00287	northern	male	youtube
id00288	northern	female	youtube
id00289	northern	male	youtube
id00290	northern	female	youtube
id00291	northern	female	youtube
id00292	northern	female	youtube
id00293	northern	female	tiktok
id00294	northern	male	youtube
id00295	southern	female	youtube
id00296	northern	male	tiktok
id00297	northern	female	youtube
id00298	northern	male	youtube
id00299	southern	male	youtube
id00300	northern	male	youtube
id00301	northern	male	youtube
id00302	northern	male	youtube
id00303	northern	male	youtube
id00304	northern	male	youtube
id00305	northern	female	youtube
id00306	northern	male	youtube
id00307	northern	female	youtube
id00308	southern	male	youtube
id00309	northern	female	youtube
id00310	northern	male	tiktok
id00311	northern	male	youtube
id00312	southern	female	tiktok
id00313	northern	female	youtube
id00314	northern	male	youtube
id00315	northern	male	youtube
id00316	northern	male	youtube
id00317	northern	male	tiktok
id00318	southern	female	youtube
id00319	southern	male	youtube
id00320	northern	male	tiktok
id00321	southern	male	tiktok
id00322	southern	male	youtube
id00323	southern	female	youtube
id00324	northern	male	youtube
id00325	southern	male	youtube
id00326	northern	female	tiktok
id00327	southern	female	youtube
id00328	southern	female	youtube
id00329	southern	female	youtube
id00330	northern	female	youtube
id00331	southern	female	youtube
id00332	southern	female	youtube
id00333	northern	female	youtube
id00334	southern	male	youtube
id00335	northern	male	youtube
id00336	northern	male	youtube
id00337	northern	male	tiktok
id00338	southern	female	youtube
id00339	northern	male	youtube
id00340	northern	male	youtube
id00341	southern	male	youtube
id00342	northern	male	youtube
id00343	northern	male	youtube
id00344	northern	male	tiktok
id00345	southern	female	youtube
id00346	northern	female	youtube
id00347	northern	male	tiktok
id00348	northern	female	youtube
id00349	southern	female	tiktok
id00350	southern	male	youtube
id00351	southern	male	tiktok
id00352	northern	male	youtube
id00353	northern	male	youtube
id00354	northern	female	youtube
id00355	southern	female	youtube
id00356	northern	male	youtube
id00357	southern	female	youtube
id00358	southern	male	youtube
id00359	northern	male	youtube
id00360	northern	female	youtube
id00361	northern	male	youtube
id00362	northern	male	youtube
id00363	northern	male	tiktok
id00364	northern	male	youtube
id00365	northern	male	youtube
id00366	northern	female	youtube
id00367	southern	female	youtube
id00368	northern	male	tiktok
id00369	southern	male	youtube
id00370	northern	male	youtube
id00371	southern	male	tiktok
id00372	southern	female	youtube
id00373	northern	male	youtube
id00374	southern	male	youtube
id00375	southern	male	youtube
id00376	southern	male	youtube
id00377	northern	female	youtube
id00378	southern	male	youtube
id00379	northern	male	youtube
id00380	northern	female	youtube
id00381	northern	female	youtube
id00382	northern	male	tiktok
id00383	northern	male	youtube
id00384	southern	female	tiktok
id00385	northern	male	youtube
id00386	northern	male	tiktok
id00387	northern	male	youtube
id00388	southern	female	youtube
id00389	northern	male	youtube
id00390	northern	male	youtube
id00391	southern	male	youtube
id00392	southern	female	youtube
id00393	northern	male	youtube
id00394	southern	female	youtube
id00395	northern	female	youtube
id00396	northern	male	tiktok
id00397	southern	female	tiktok
id00398	northern	female	youtube
id00399	southern	male	youtube
id00400	southern	female	youtube
id00401	northern	male	tiktok
id00402	northern	male	youtube
id00403	northern	female	tiktok
id00404	northern	male	youtube
id00405	southern	female	youtube
id00406	southern	female	youtube
id00407	southern	female	youtube
id00408	northern	male	youtube
id00409	northern	female	youtube
id00410	northern	female	youtube
id00411	southern	female	tiktok
id00412	northern	female	youtube
id00413	northern	male	youtube
id00414	northern	female	youtube
id00415	southern	female	youtube
id00416	southern	female	youtube
id00417	southern	male	youtube
id00418	northern	male	tiktok
id00419	northern	male	tiktok
id00420	northern	male	youtube
id00421	southern	male	youtube
id00422	southern	female	youtube
id00423	northern	female	youtube
id00424	southern	female	youtube
id00425	southern	male	youtube
id00426	northern	male	youtube
id00427	northern	male	youtube
id00428	southern	female	youtube
id00429	southern	male	youtube
id00430	northern	female	tiktok
id00431	northern	male	tiktok
id00432	southern	female	youtube
id00433	southern	male	tiktok
id00434	northern	male	youtube
id00435	southern	female	youtube
id00436	northern	female	youtube
id00437	southern	female	youtube
id00438	northern	male	youtube
id00439	southern	male	youtube
id00440	northern	male	tiktok
id00441	southern	female	tiktok
id00442	southern	male	youtube
id00443	northern	male	youtube
id00444	southern	male	youtube
id00445	southern	female	youtube
id00446	northern	female	youtube
id00447	northern	male	tiktok
id00448	southern	male	youtube
id00449	southern	male	youtube
id00450	southern	male	youtube
id00451	northern	female	youtube
id00452	southern	female	youtube
id00453	northern	male	youtube
id00454	northern	male	youtube
id00455	northern	female	tiktok
id00456	southern	female	youtube
id00457	northern	male	tiktok
id00458	southern	female	youtube
id00459	southern	male	youtube
id00460	northern	female	youtube
id00461	northern	male	youtube
id00462	southern	male	youtube
id00463	northern	female	youtube
id00464	northern	female	youtube
id00465	southern	male	youtube
id00466	southern	female	youtube
id00467	southern	female	tiktok
id00468	northern	female	youtube
id00469	northern	female	youtube
id00470	northern	female	youtube
id00471	southern	female	youtube
id00472	southern	male	youtube
id00473	southern	male	tiktok
id00474	northern	male	youtube
id00475	southern	male	youtube
id00476	northern	male	youtube
id00477	northern	male	tiktok
id00478	northern	male	youtube
id00479	northern	female	tiktok
id00480	southern	male	youtube
id00481	southern	male	youtube
id00482	northern	male	youtube
id00483	southern	male	youtube
id00484	southern	male	youtube
id00485	southern	male	youtube
id00486	southern	male	tiktok
id00487	northern	male	youtube
id00488	northern	female	youtube
id00489	southern	female	youtube
id00490	southern	female	youtube
id00491	northern	female	tiktok
id00492	northern	female	youtube
id00493	northern	female	youtube
id00494	northern	female	youtube
id00495	northern	female	youtube
id00496	southern	female	youtube
id00497	southern	female	tiktok
id00498	southern	female	youtube
id00499	southern	male	youtube
id00500	northern	female	youtube
id00501	southern	male	youtube
id00502	southern	male	tiktok
id00503	northern	male	youtube
id00504	southern	male	youtube
id00505	northern	female	youtube
id00506	northern	male	youtube
id00507	southern	female	tiktok
id00508	northern	male	youtube
id00509	northern	male	tiktok
id00510	northern	male	youtube
id00511	southern	female	youtube
id00512	southern	male	youtube
id00513	northern	female	youtube
id00514	southern	male	youtube
id00515	southern	male	youtube
id00516	northern	male	youtube
id00517	northern	female	youtube
id00518	southern	male	youtube
id00519	northern	female	youtube
id00520	northern	male	youtube
id00521	southern	male	youtube
id00522	southern	female	youtube
id00523	northern	female	youtube
id00524	northern	male	youtube
id00525	southern	female	youtube
id00526	southern	male	youtube
id00527	northern	male	youtube
id00528	southern	male	tiktok
id00529	northern	male	youtube
id00530	southern	female	youtube
id00531	southern	female	youtube
id00532	northern	male	youtube
id00533	northern	male	youtube
id00534	southern	male	youtube
id00535	southern	female	youtube
id00536	southern	female	tiktok
id00537	southern	male	youtube
id00538	northern	male	youtube
id00539	northern	female	tiktok
id00540	northern	male	tiktok
id00541	southern	female	youtube
id00542	southern	male	youtube
id00543	northern	male	tiktok
id00544	southern	male	youtube
id00545	southern	male	youtube
id00546	northern	male	tiktok
id00547	southern	female	youtube
id00548	northern	male	tiktok
id00549	northern	male	youtube
id00550	northern	male	youtube
id00551	southern	female	youtube
id00552	northern	female	youtube
id00553	northern	female	tiktok
id00554	northern	female	tiktok
id00555	northern	female	youtube
id00556	southern	male	youtube
id00557	northern	male	youtube
id00558	northern	female	tiktok
id00559	northern	female	youtube
id00560	northern	female	youtube
id00561	northern	female	youtube
id00562	northern	male	tiktok
id00563	northern	female	youtube
id00564	northern	male	youtube
id00565	northern	female	tiktok
id00566	northern	female	tiktok
id00567	northern	male	youtube
id00568	northern	male	youtube
id00569	southern	male	youtube
id00570	northern	female	youtube
id00571	northern	male	tiktok
id00572	northern	male	youtube
id00573	southern	male	youtube
id00574	southern	male	youtube
id00575	southern	female	youtube
id00576	southern	male	youtube
id00577	southern	male	youtube
id00578	southern	female	tiktok
id00579	northern	male	youtube
id00580	southern	female	youtube
id00581	southern	male	youtube
id00582	southern	male	youtube
id00583	southern	male	youtube
id00584	northern	male	youtube
id00585	southern	female	youtube
id00586	northern	female	tiktok
id00587	northern	female	youtube
id00588	southern	female	tiktok
id00589	southern	male	youtube
id00590	southern	female	youtube
id00591	southern	female	tiktok
id00592	northern	male	tiktok
id00593	northern	female	tiktok
id00594	northern	male	youtube
id00595	northern	male	youtube
id00596	northern	male	tiktok
id00597	northern	male	tiktok
id00598	northern	male	tiktok
id00599	northern	female	tiktok
id00600	southern	male	tiktok
id00601	southern	female	youtube
id00602	southern	male	youtube
id00603	northern	female	tiktok
id00604	southern	female	youtube
id00605	northern	female	youtube
id00606	southern	female	youtube
id00607	southern	male	youtube
id00608	southern	female	youtube
id00609	northern	female	youtube
id00610	southern	male	youtube
id00611	southern	male	youtube
id00612	southern	male	youtube
id00613	southern	male	youtube
id00614	southern	male	tiktok
id00615	southern	male	youtube
id00616	southern	male	youtube
id00617	northern	male	youtube
id00618	southern	female	youtube
id00619	northern	female	tiktok
id00620	northern	female	youtube
id00621	northern	female	tiktok
id00622	southern	female	youtube
id00623	southern	male	youtube
id00624	northern	female	tiktok
id00625	southern	male	youtube
id00626	northern	female	tiktok
id00627	southern	male	youtube
id00628	southern	male	youtube
id00629	northern	male	youtube
id00630	southern	male	youtube
id00631	northern	male	youtube
id00632	southern	male	youtube
id00633	northern	female	youtube
id00634	southern	female	tiktok
id00635	southern	male	youtube
id00636	southern	female	youtube
id00637	southern	male	youtube
id00638	southern	male	youtube
id00639	southern	male	youtube
id00640	northern	female	youtube
id00641	northern	female	youtube
id00642	southern	male	youtube
id00643	northern	male	youtube
id00644	northern	male	youtube
id00645	northern	male	tiktok
id00646	southern	male	youtube
id00647	southern	male	youtube
id00648	southern	male	youtube
id00649	northern	female	tiktok
id00650	northern	male	youtube
id00651	northern	female	youtube
id00652	northern	male	youtube
id00653	northern	female	youtube
id00654	southern	female	youtube
id00655	northern	female	tiktok
id00656	northern	male	tiktok
id00657	southern	male	tiktok
id00658	southern	male	youtube
id00659	northern	male	youtube
id00660	southern	male	youtube
id00661	northern	female	youtube
id00662	northern	male	tiktok
id00663	northern	female	tiktok
id00664	northern	female	youtube
id00665	southern	female	youtube
id00666	southern	male	youtube
id00667	northern	female	youtube
id00668	northern	male	youtube
id00669	southern	male	youtube
id00670	southern	male	youtube
id00671	southern	male	youtube
id00672	southern	female	tiktok
id00673	southern	male	youtube
id00674	northern	female	youtube
id00675	northern	male	youtube
id00676	northern	male	youtube
id00677	northern	male	youtube
id00678	southern	female	youtube
id00679	southern	female	youtube
id00680	southern	female	youtube
id00681	northern	female	youtube
id00682	southern	female	tiktok
id00683	southern	male	youtube
id00684	northern	female	tiktok
id00685	northern	female	tiktok
id00686	southern	female	youtube
id00687	southern	female	tiktok
id00688	southern	female	youtube
id00689	southern	female	youtube
id00690	northern	male	tiktok
id00691	southern	female	youtube
id00692	southern	female	youtube
id00693	northern	male	tiktok
id00694	northern	female	youtube
id00695	northern	male	tiktok
id00696	northern	female	youtube
id00697	northern	male	tiktok
id00698	southern	female	youtube
id00699	southern	male	youtube
id00700	southern	male	youtube
id00701	northern	male	tiktok
id00702	southern	male	youtube
id00703	southern	female	tiktok
id00704	southern	male	tiktok
id00705	southern	male	youtube
id00706	southern	male	youtube
id00707	southern	male	youtube
id00708	northern	female	tiktok
id00709	northern	female	tiktok
id00710	northern	female	youtube
id00711	southern	female	tiktok
id00712	northern	female	youtube
id00713	southern	female	youtube
id00714	northern	male	youtube
id00715	southern	female	youtube
id00716	northern	male	youtube
id00717	southern	female	youtube
id00718	northern	female	youtube
id00719	southern	male	youtube
id00720	northern	female	youtube
id00721	southern	male	tiktok
id00722	southern	female	youtube
id00723	southern	male	youtube
id00724	southern	female	youtube
id00725	southern	male	youtube
id00726	southern	male	youtube
id00727	southern	male	youtube
id00728	southern	male	youtube
id00729	northern	male	youtube
id00730	southern	female	youtube
id00731	northern	male	youtube
id00732	southern	male	youtube
id00733	northern	male	youtube
id00734	northern	male	youtube
id00735	northern	male	youtube
id00736	southern	female	youtube
id00737	southern	female	youtube
id00738	northern	male	youtube
id00739	northern	male	youtube
id00740	northern	male	youtube
id00741	southern	male	tiktok
id00742	northern	male	youtube
id00743	southern	male	youtube
id00744	southern	male	youtube
id00745	southern	male	youtube
id00746	southern	male	youtube
id00747	northern	female	tiktok
id00748	southern	female	youtube
id00749	northern	male	tiktok
id00750	southern	male	youtube
id00751	northern	male	youtube
id00752	northern	male	youtube
id00753	southern	male	youtube
id00754	southern	male	youtube
id00755	southern	male	tiktok
id00756	southern	male	youtube
id00757	southern	male	youtube
id00758	southern	female	youtube
id00759	northern	male	youtube
id00760	northern	male	tiktok
id00761	southern	male	youtube
id00762	southern	male	youtube
id00763	northern	male	youtube
id00764	northern	male	youtube
id00765	southern	male	youtube
id00766	northern	male	youtube
id00767	northern	female	youtube
id00768	southern	male	youtube
id00769	northern	male	tiktok
id00770	southern	female	youtube
id00771	southern	female	youtube
id00772	southern	female	youtube
id00773	northern	male	youtube
id00774	southern	female	youtube
id00775	southern	male	tiktok
id00776	southern	male	youtube
id00777	northern	male	youtube
id00778	southern	male	tiktok
id00779	northern	male	youtube
id00780	southern	female	youtube
id00781	southern	male	youtube
id00782	southern	male	youtube
id00783	southern	male	youtube
id00784	southern	male	youtube
id00785	southern	female	youtube
id00786	southern	male	youtube
id00787	northern	female	tiktok
id00788	southern	male	tiktok
id00789	northern	male	youtube
id00790	southern	female	youtube
id00791	southern	male	youtube
id00792	northern	male	tiktok
id00793	southern	female	youtube
id00794	southern	female	youtube
id00795	northern	male	youtube
id00796	northern	male	tiktok
id00797	southern	male	youtube
id00798	northern	male	youtube
id00799	northern	female	youtube
id00800	northern	male	youtube
id00801	northern	female	youtube
id00802	northern	female	youtube
id00803	southern	male	youtube
id00804	northern	male	youtube
id00805	southern	male	youtube
id00806	southern	female	youtube
id00807	southern	male	youtube
id00808	southern	female	youtube
id00809	southern	female	youtube
id00810	southern	female	tiktok
id00811	northern	male	youtube
id00812	southern	male	youtube
id00813	southern	male	tiktok
id00814	southern	male	youtube
id00815	southern	male	youtube
id00816	southern	male	youtube
id00817	southern	male	youtube
id00818	southern	male	youtube
id00819	northern	female	youtube
id00820	southern	male	youtube
id00821	northern	male	youtube
id00822	northern	male	youtube
id00823	southern	male	youtube
id00824	southern	male	youtube
id00825	southern	female	youtube
id00826	southern	male	youtube
id00827	southern	female	youtube
id00828	southern	male	youtube
id00829	northern	female	youtube
id00830	southern	female	youtube
id00831	southern	male	youtube
id00832	northern	male	youtube
id00833	southern	female	youtube
id00834	northern	male	youtube
id00835	southern	female	youtube
id00836	southern	female	youtube
id00837	northern	male	youtube
id00838	northern	female	youtube
id00839	southern	male	youtube
id00840	southern	male	youtube
id00841	northern	female	youtube
id00842	northern	male	youtube
id00843	southern	male	youtube
id00844	northern	female	youtube
id00845	southern	female	youtube
id00846	southern	female	youtube
id00847	northern	male	youtube
id00848	southern	male	youtube
id00849	northern	female	youtube
id00850	northern	male	youtube
id00851	southern	male	youtube
id00852	northern	female	youtube
id00853	southern	female	youtube
id00854	southern	male	youtube
id00855	southern	male	youtube
id00856	northern	male	youtube
id00857	southern	female	tiktok
id00858	southern	female	youtube
id00859	southern	female	youtube
id00860	southern	female	youtube
id00861	northern	male	tiktok
id00862	northern	male	youtube
id00863	southern	male	youtube
id00864	northern	female	youtube
id00865	northern	male	youtube
id00866	southern	male	youtube
id00867	northern	female	youtube
id00868	northern	male	youtube
id00869	southern	female	youtube
id00870	southern	male	youtube
id00871	northern	male	youtube
id00872	southern	male	youtube
id00873	northern	female	youtube
id00874	southern	male	youtube
id00875	northern	female	youtube
id00876	northern	female	youtube
id00877	northern	male	youtube
id00878	southern	female	youtube
id00879	southern	male	youtube
id00880	northern	male	youtube
id00881	northern	male	youtube
id00882	northern	male	youtube
id00883	northern	male	youtube
id00884	northern	male	youtube
id00885	northern	male	youtube
id00886	northern	male	youtube
id00887	northern	male	youtube
id00888	northern	male	youtube
id00889	northern	male	youtube
id00890	northern	male	youtube
id00891	northern	male	youtube
id00892	northern	male	youtube
id00893	northern	male	youtube
id00894	northern	male	youtube
id00895	northern	male	youtube
id00896	northern	male	youtube
id00897	northern	male	youtube
id00898	northern	male	tiktok
id00899	northern	male	youtube
id00900	southern	male	youtube
id00901	southern	male	youtube
id00902	southern	male	youtube
id00903	southern	male	youtube
id00904	southern	male	tiktok
id00905	southern	male	youtube
id00906	southern	male	youtube
id00907	southern	male	youtube
id00908	southern	male	youtube
id00909	southern	male	youtube
id00910	southern	male	youtube
id00911	southern	male	youtube
id00912	southern	male	youtube
id00913	southern	male	tiktok
id00914	southern	male	youtube
id00915	southern	male	youtube
id00916	southern	male	youtube
id00917	southern	male	youtube
id00918	southern	male	youtube
id00919	southern	male	youtube
id00920	northern	female	youtube
id00921	northern	female	youtube
id00922	northern	female	youtube
id00923	northern	female	youtube
id00924	northern	female	youtube
id00925	northern	female	youtube
id00926	northern	female	youtube
id00927	northern	female	youtube
id00928	northern	female	youtube
id00929	northern	female	youtube
id00930	northern	female	youtube
id00931	northern	female	youtube
id00932	northern	female	youtube
id00933	northern	female	youtube
id00934	northern	female	youtube
id00935	northern	female	youtube
id00936	northern	female	youtube
id00937	northern	female	youtube
id00938	northern	female	youtube
id00939	northern	female	youtube
id00940	southern	female	youtube
id00941	southern	female	youtube
id00942	southern	female	youtube
id00943	southern	female	youtube
id00944	southern	female	youtube
id00945	southern	female	youtube
id00946	southern	female	youtube
id00947	southern	female	youtube
id00948	southern	female	youtube
id00949	southern	female	youtube
id00950	southern	female	youtube
id00951	southern	female	youtube
id00952	southern	female	youtube
id00953	southern	female	youtube
id00954	southern	female	youtube
id00955	southern	female	youtube
id00956	southern	female	youtube
id00957	southern	female	tiktok
id00958	southern	female	youtube
id00959	southern	female	youtube
id00960	central	male	youtube
id00961	central	female	youtube
id00962	central	male	youtube
id00963	central	female	youtube
id00964	central	female	youtube
id00965	central	female	tiktok
id00966	central	female	youtube
id00967	central	male	youtube
id00968	central	female	tiktok
id00969	central	female	youtube
id00970	central	female	youtube
id00971	central	female	youtube
id00972	central	male	youtube
id00973	central	female	youtube
id00974	central	female	youtube
id00975	central	male	youtube
id00976	central	male	tiktok
id00977	central	male	youtube
id00978	central	female	youtube
id00979	central	male	youtube
id00980	central	female	tiktok
id00981	central	male	youtube
id00982	central	female	youtube
id00983	central	male	youtube
id00984	central	male	tiktok
id00985	central	male	youtube
id00986	central	male	youtube
id00987	central	female	youtube
id00988	central	male	youtube
id00989	central	female	youtube
id00990	central	female	tiktok
id00991	central	female	youtube
id00992	central	male	youtube
id00993	central	male	tiktok
id00994	central	male	youtube
id00995	central	female	youtube
id00996	central	male	tiktok
id00997	central	female	youtube
id00998	central	male	youtube
id00999	central	male	youtube
